USE masai_assignment_1;


DROP TABLE IF EXISTS order_items;
DROP TABLE IF EXISTS orders;
DROP TABLE IF EXISTS products;
DROP TABLE IF EXISTS sales_reps;
DROP TABLE IF EXISTS customers;
DROP TABLE IF EXISTS offices;



CREATE TABLE offices (
    office_id VARCHAR(10) PRIMARY KEY,
    office_name VARCHAR(50) NOT NULL,
    address_line VARCHAR(100) NOT NULL,
    city VARCHAR(50) NOT NULL,
    postal_code VARCHAR(20) NOT NULL
);

CREATE TABLE customers (
    customer_id VARCHAR(10) PRIMARY KEY,
    customer_name VARCHAR(100) NOT NULL,
    customer_email VARCHAR(100) NOT NULL,
    customer_city VARCHAR(50) NOT NULL
);

CREATE TABLE sales_reps (
    sales_rep_id VARCHAR(10) PRIMARY KEY,
    sales_rep_name VARCHAR(100) NOT NULL,
    sales_rep_email VARCHAR(100) NOT NULL,
    office_id VARCHAR(10) NOT NULL,
    FOREIGN KEY (office_id) REFERENCES offices(office_id)
);

CREATE TABLE products (
    product_id VARCHAR(10) PRIMARY KEY,
    product_name VARCHAR(100) NOT NULL,
    category VARCHAR(50) NOT NULL,
    unit_price INT NOT NULL
);

CREATE TABLE orders (
    order_id VARCHAR(20) PRIMARY KEY,
    order_date DATE NOT NULL,
    customer_id VARCHAR(10) NOT NULL,
    sales_rep_id VARCHAR(10) NOT NULL,
    FOREIGN KEY (customer_id) REFERENCES customers(customer_id),
    FOREIGN KEY (sales_rep_id) REFERENCES sales_reps(sales_rep_id)
);

CREATE TABLE order_items (
    order_id VARCHAR(20) NOT NULL,
    product_id VARCHAR(10) NOT NULL,
    quantity INT NOT NULL,
    PRIMARY KEY (order_id, product_id),
    FOREIGN KEY (order_id) REFERENCES orders(order_id),
    FOREIGN KEY (product_id) REFERENCES products(product_id)
);




        INSERT INTO offices (office_id, office_name, address_line, city, postal_code) VALUES
        ('OFF01', 'Delhi Office', 'Connaught Place', 'New Delhi', '110001'),
        ('OFF02', 'Mumbai HQ', 'Nariman Point', 'Mumbai', '400021'),
        ('OFF03', 'South Zone', 'MG Road', 'Bangalore', '560001'),
        ('OFF04', 'Pune Branch', 'MG Road', 'Pune', '411001'),       
        ('OFF05', 'Chennai Branch', 'T Nagar', 'Chennai', '600017');


        INSERT INTO customers (customer_id, customer_name, customer_email, customer_city) VALUES
        ('C002', 'Priya Sharma', 'priya@gmail.com', 'Delhi'),
        ('C001', 'Rohan Mehta', 'rohan@gmail.com', 'Mumbai'),
        ('C006', 'Neha Gupta', 'neha@gmail.com', 'Delhi'),
        ('C003', 'Amit Verma', 'amit@gmail.com', 'Bangalore'),
        ('C005', 'Vikram Singh', 'vikram@gmail.com', 'Mumbai'),
        ('C004', 'Sneha Iyer', 'sneha@gmail.com', 'Chennai'),
        ('C007', 'Arjun Nair', 'arjun@gmail.com', 'Bangalore'),
        ('C008', 'Kavya Rao', 'kavya@gmail.com', 'Hyderabad');


        INSERT INTO sales_reps (sales_rep_id, sales_rep_name, sales_rep_email, office_id) VALUES
        ('SR02', 'Anita Desai', 'anita@corp.com', 'OFF01'),
        ('SR01', 'Deepak Joshi', 'deepak@corp.com', 'OFF02'),
        ('SR03', 'Ravi Kumar', 'ravi@corp.com', 'OFF03'),
        ('SR04', 'Amit Singh', 'amit.singh@corp.com', 'OFF04'),       
        ('SR05', 'Sneha Patil', 'sneha.patil@corp.com', 'OFF05');


        INSERT INTO products (product_id, product_name, category, unit_price) VALUES
        ('P004', 'Notebook', 'Stationery', 120),
        ('P007', 'Pen Set', 'Stationery', 250),
        ('P005', 'Headphones', 'Electronics', 3200),
        ('P003', 'Desk Chair', 'Furniture', 8500),
        ('P006', 'Standing Desk', 'Furniture', 22000),
        ('P008', 'Webcam', 'Electronics', 2100),
        ('P001', 'Laptop', 'Electronics', 55000),
        ('P002', 'Mouse', 'Electronics', 800);


        INSERT INTO orders (order_id, order_date, customer_id, sales_rep_id) VALUES
        ('ORD1027', '2023-11-02', 'C002', 'SR02'),
        ('ORD1114', '2023-08-06', 'C001', 'SR01'),
        ('ORD1153', '2023-02-14', 'C006', 'SR01'),
        ('ORD1002', '2023-01-17', 'C002', 'SR02'),
        ('ORD1118', '2023-11-10', 'C006', 'SR02'),
        ('ORD1132', '2023-03-07', 'C003', 'SR02'),
        ('ORD1037', '2023-03-06', 'C002', 'SR03'),
        ('ORD1075', '2023-04-18', 'C005', 'SR03'),
        ('ORD1083', '2023-07-03', 'C006', 'SR01'),
        ('ORD1091', '2023-07-24', 'C001', 'SR01'),
        ('ORD1162', '2023-09-29', 'C006', 'SR03'),
        ('ORD1185', '2023-06-15', 'C003', 'SR03'),
        ('ORD1076', '2023-05-16', 'C004', 'SR03'),
        ('ORD1133', '2023-10-16', 'C001', 'SR03'),
        ('ORD1061', '2023-10-27', 'C006', 'SR01'),
        ('ORD1098', '2023-10-03', 'C007', 'SR03'),
        ('ORD1131', '2023-06-22', 'C008', 'SR02'),
        ('ORD1137', '2023-05-10', 'C005', 'SR02'),
        ('ORD1022', '2023-10-15', 'C005', 'SR01'),
        ('ORD1054', '2023-10-04', 'C002', 'SR03'),
        ('ORD1095', '2023-08-11', 'C001', 'SR03'),
        ('ORD1125', '2023-07-28', 'C004', 'SR02'),
        ('ORD1166', '2023-09-05', 'C003', 'SR01'),
        ('ORD1033', '2023-03-24', 'C004', 'SR02'),
        ('ORD1025', '2023-02-26', 'C008', 'SR01'),
        ('ORD1093', '2023-06-19', 'C007', 'SR03'),
        ('ORD1144', '2023-01-14', 'C005', 'SR03'),
        ('ORD1143', '2023-02-28', 'C003', 'SR03'),
        ('ORD1163', '2023-06-19', 'C007', 'SR03'),
        ('ORD1092', '2023-05-23', 'C005', 'SR01'),
        ('ORD1148', '2023-02-05', 'C007', 'SR02'),
        ('ORD1043', '2023-01-04', 'C004', 'SR01'),
        ('ORD1169', '2023-01-28', 'C003', 'SR01'),
        ('ORD1021', '2023-08-23', 'C008', 'SR03'),
        ('ORD1048', '2023-08-09', 'C002', 'SR03'),
        ('ORD1049', '2023-01-28', 'C007', 'SR02'),
        ('ORD1101', '2023-06-17', 'C005', 'SR02'),
        ('ORD1180', '2023-06-02', 'C008', 'SR01'),
        ('ORD1094', '2023-10-25', 'C002', 'SR01'),
        ('ORD1161', '2023-05-05', 'C004', 'SR03'),
        ('ORD1012', '2023-05-29', 'C001', 'SR01'),
        ('ORD1086', '2023-07-31', 'C003', 'SR01'),
        ('ORD1124', '2023-12-22', 'C003', 'SR02'),
        ('ORD1035', '2023-05-03', 'C002', 'SR02'),
        ('ORD1089', '2023-04-24', 'C001', 'SR02'),
        ('ORD1127', '2023-12-23', 'C007', 'SR03'),
        ('ORD1047', '2023-07-28', 'C008', 'SR02'),
        ('ORD1090', '2023-04-27', 'C008', 'SR02'),
        ('ORD1155', '2023-09-11', 'C007', 'SR01'),
        ('ORD1017', '2023-11-24', 'C008', 'SR02'),
        ('ORD1154', '2023-10-19', 'C008', 'SR02'),
        ('ORD1147', '2023-01-22', 'C002', 'SR03'),
        ('ORD1158', '2023-02-13', 'C001', 'SR01'),
        ('ORD1045', '2023-05-23', 'C002', 'SR01'),
        ('ORD1167', '2023-06-01', 'C005', 'SR01'),
        ('ORD1009', '2023-01-23', 'C006', 'SR02'),
        ('ORD1173', '2023-01-27', 'C006', 'SR01'),
        ('ORD1096', '2023-09-19', 'C006', 'SR03'),
        ('ORD1149', '2023-09-08', 'C006', 'SR02'),
        ('ORD1164', '2023-05-09', 'C008', 'SR02'),
        ('ORD1007', '2023-04-21', 'C006', 'SR01'),
        ('ORD1100', '2023-06-03', 'C006', 'SR01'),
        ('ORD1053', '2023-08-15', 'C004', 'SR01'),
        ('ORD1028', '2023-12-15', 'C005', 'SR01'),
        ('ORD1099', '2023-12-07', 'C006', 'SR01'),
        ('ORD1165', '2023-06-11', 'C002', 'SR01'),
        ('ORD1001', '2023-02-22', 'C004', 'SR03'),
        ('ORD1039', '2023-12-20', 'C007', 'SR03'),
        ('ORD1111', '2023-11-09', 'C001', 'SR02'),
        ('ORD1030', '2023-08-21', 'C005', 'SR01'),
        ('ORD1003', '2023-09-16', 'C002', 'SR01'),
        ('ORD1157', '2023-12-26', 'C006', 'SR03'),
        ('ORD1121', '2023-05-21', 'C008', 'SR01'),
        ('ORD1123', '2023-02-11', 'C006', 'SR03'),
        ('ORD1106', '2023-08-15', 'C006', 'SR02'),
        ('ORD1016', '2023-05-06', 'C003', 'SR03'),
        ('ORD1102', '2023-04-09', 'C005', 'SR01'),
        ('ORD1034', '2023-09-08', 'C001', 'SR02'),
        ('ORD1026', '2023-08-05', 'C003', 'SR03'),
        ('ORD1087', '2023-07-30', 'C003', 'SR02'),
        ('ORD1056', '2023-07-25', 'C008', 'SR01'),
        ('ORD1080', '2023-02-27', 'C007', 'SR01'),
        ('ORD1107', '2023-03-28', 'C008', 'SR03'),
        ('ORD1079', '2023-08-15', 'C005', 'SR03'),
        ('ORD1046', '2023-10-20', 'C004', 'SR01'),
        ('ORD1066', '2023-12-09', 'C006', 'SR01'),
        ('ORD1024', '2023-03-12', 'C007', 'SR01'),
        ('ORD1136', '2023-06-22', 'C004', 'SR02'),
        ('ORD1142', '2023-05-12', 'C004', 'SR03'),
        ('ORD1170', '2023-03-06', 'C005', 'SR01'),
        ('ORD1146', '2023-06-04', 'C004', 'SR03'),
        ('ORD1105', '2023-10-24', 'C005', 'SR02'),
        ('ORD1183', '2023-12-05', 'C004', 'SR01'),
        ('ORD1065', '2023-08-03', 'C001', 'SR01'),
        ('ORD1122', '2023-05-01', 'C002', 'SR02'),
        ('ORD1014', '2023-03-25', 'C008', 'SR02'),
        ('ORD1181', '2023-10-19', 'C007', 'SR01'),
        ('ORD1032', '2023-09-17', 'C005', 'SR03'),
        ('ORD1184', '2023-03-30', 'C003', 'SR01'),
        ('ORD1129', '2023-10-03', 'C007', 'SR02'),
        ('ORD1134', '2023-03-11', 'C002', 'SR02'),
        ('ORD1004', '2023-11-29', 'C001', 'SR01'),
        ('ORD1070', '2023-02-05', 'C005', 'SR02'),
        ('ORD1097', '2023-05-11', 'C007', 'SR01'),
        ('ORD1051', '2023-10-02', 'C004', 'SR01'),
        ('ORD1084', '2023-07-01', 'C004', 'SR01'),
        ('ORD1159', '2023-05-04', 'C007', 'SR03'),
        ('ORD1063', '2023-12-12', 'C002', 'SR01'),
        ('ORD1088', '2023-02-25', 'C005', 'SR03'),
        ('ORD1117', '2023-12-08', 'C003', 'SR02'),
        ('ORD1172', '2023-09-03', 'C005', 'SR01'),
        ('ORD1141', '2023-08-31', 'C003', 'SR01'),
        ('ORD1109', '2023-12-11', 'C006', 'SR01'),
        ('ORD1013', '2023-07-14', 'C004', 'SR01'),
        ('ORD1085', '2023-03-21', 'C007', 'SR03'),
        ('ORD1041', '2023-03-03', 'C008', 'SR02'),
        ('ORD1156', '2023-07-01', 'C003', 'SR01'),
        ('ORD1052', '2023-05-23', 'C003', 'SR01'),
        ('ORD1130', '2023-05-20', 'C004', 'SR01'),
        ('ORD1060', '2023-10-05', 'C001', 'SR03'),
        ('ORD1011', '2023-12-27', 'C006', 'SR01'),
        ('ORD1062', '2023-02-11', 'C003', 'SR03'),
        ('ORD1182', '2023-02-20', 'C001', 'SR01'),
        ('ORD1081', '2023-07-09', 'C003', 'SR01'),
        ('ORD1055', '2023-03-27', 'C002', 'SR01'),
        ('ORD1177', '2023-05-08', 'C005', 'SR01'),
        ('ORD1135', '2023-07-14', 'C003', 'SR02'),
        ('ORD1071', '2023-08-13', 'C006', 'SR01'),
        ('ORD1113', '2023-05-05', 'C007', 'SR02'),
        ('ORD1178', '2023-11-02', 'C007', 'SR01'),
        ('ORD1044', '2023-01-17', 'C001', 'SR01'),
        ('ORD1140', '2023-01-11', 'C001', 'SR01'),
        ('ORD1168', '2023-01-08', 'C006', 'SR02'),
        ('ORD1005', '2023-10-29', 'C007', 'SR02'),
        ('ORD1058', '2023-12-23', 'C008', 'SR02'),
        ('ORD1023', '2023-08-08', 'C005', 'SR03'),
        ('ORD1006', '2023-12-24', 'C001', 'SR01'),
        ('ORD1064', '2023-05-07', 'C007', 'SR03'),
        ('ORD1082', '2023-01-22', 'C003', 'SR01'),
        ('ORD1110', '2023-03-17', 'C004', 'SR01'),
        ('ORD1010', '2023-10-10', 'C002', 'SR01'),
        ('ORD1020', '2023-06-11', 'C002', 'SR03'),
        ('ORD1151', '2023-09-25', 'C007', 'SR03'),
        ('ORD1126', '2023-04-16', 'C008', 'SR01'),
        ('ORD1138', '2023-10-04', 'C008', 'SR03'),
        ('ORD1128', '2023-06-30', 'C007', 'SR01'),
        ('ORD1069', '2023-04-20', 'C002', 'SR03'),
        ('ORD1103', '2023-03-31', 'C007', 'SR03'),
        ('ORD1077', '2023-02-17', 'C008', 'SR01'),
        ('ORD1119', '2023-08-17', 'C007', 'SR03'),
        ('ORD1031', '2023-09-17', 'C005', 'SR01'),
        ('ORD1112', '2023-10-22', 'C008', 'SR03'),
        ('ORD1174', '2023-02-03', 'C008', 'SR01'),
        ('ORD1145', '2023-04-12', 'C007', 'SR03'),
        ('ORD1179', '2023-09-25', 'C004', 'SR01'),
        ('ORD1078', '2023-06-20', 'C005', 'SR01'),
        ('ORD1042', '2023-01-11', 'C004', 'SR02'),
        ('ORD1015', '2023-05-17', 'C006', 'SR03'),
        ('ORD1171', '2023-01-07', 'C008', 'SR01'),
        ('ORD1036', '2023-02-13', 'C004', 'SR01'),
        ('ORD1068', '2023-01-05', 'C008', 'SR01'),
        ('ORD1038', '2023-05-16', 'C008', 'SR01'),
        ('ORD1057', '2023-07-19', 'C003', 'SR01'),
        ('ORD1139', '2023-02-05', 'C006', 'SR03'),
        ('ORD1029', '2023-06-24', 'C005', 'SR03'),
        ('ORD1108', '2023-11-21', 'C005', 'SR03'),
        ('ORD1050', '2023-06-23', 'C001', 'SR03'),
        ('ORD1150', '2023-08-24', 'C007', 'SR03'),
        ('ORD1160', '2023-02-17', 'C008', 'SR01'),
        ('ORD1067', '2023-03-09', 'C004', 'SR02'),
        ('ORD1175', '2023-10-23', 'C008', 'SR01'),
        ('ORD1018', '2023-01-29', 'C004', 'SR02'),
        ('ORD1116', '2023-03-04', 'C001', 'SR01'),
        ('ORD1072', '2023-09-28', 'C005', 'SR03'),
        ('ORD1073', '2023-03-10', 'C005', 'SR01'),
        ('ORD1059', '2023-06-01', 'C008', 'SR01'),
        ('ORD1008', '2023-02-19', 'C002', 'SR02'),
        ('ORD1074', '2023-10-11', 'C002', 'SR03'),
        ('ORD1120', '2023-05-07', 'C008', 'SR02'),
        ('ORD1152', '2023-10-31', 'C008', 'SR02'),
        ('ORD1176', '2023-03-18', 'C001', 'SR01'),
        ('ORD1115', '2023-09-23', 'C003', 'SR03'),
        ('ORD1104', '2023-01-01', 'C005', 'SR03'),
        ('ORD1000', '2023-05-21', 'C002', 'SR03'),
        ('ORD1040', '2023-11-29', 'C005', 'SR03'),
        ('ORD1019', '2023-07-25', 'C001', 'SR02');


        INSERT INTO order_items (order_id, product_id, quantity) VALUES
        ('ORD1027', 'P004', 4),
        ('ORD1114', 'P007', 2),
        ('ORD1153', 'P007', 3),
        ('ORD1002', 'P005', 1),
        ('ORD1118', 'P007', 5),
        ('ORD1132', 'P007', 5),
        ('ORD1037', 'P007', 2),
        ('ORD1075', 'P003', 3),
        ('ORD1083', 'P007', 2),
        ('ORD1091', 'P006', 3),
        ('ORD1162', 'P004', 3),
        ('ORD1185', 'P008', 1),
        ('ORD1076', 'P006', 5),
        ('ORD1133', 'P004', 1),
        ('ORD1061', 'P001', 4),
        ('ORD1098', 'P001', 2),
        ('ORD1131', 'P001', 4),
        ('ORD1137', 'P007', 1),
        ('ORD1022', 'P002', 5),
        ('ORD1054', 'P001', 1),
        ('ORD1095', 'P001', 3),
        ('ORD1125', 'P001', 3),
        ('ORD1166', 'P002', 3),
        ('ORD1033', 'P002', 5),
        ('ORD1025', 'P001', 2),
        ('ORD1093', 'P006', 1),
        ('ORD1144', 'P001', 3),
        ('ORD1143', 'P005', 2),
        ('ORD1163', 'P006', 3),
        ('ORD1092', 'P007', 3),
        ('ORD1148', 'P006', 5),
        ('ORD1043', 'P005', 1),
        ('ORD1169', 'P003', 5),
        ('ORD1021', 'P004', 2),
        ('ORD1048', 'P001', 3),
        ('ORD1049', 'P004', 1),
        ('ORD1101', 'P006', 4),
        ('ORD1180', 'P004', 3),
        ('ORD1094', 'P003', 3),
        ('ORD1161', 'P004', 3),
        ('ORD1012', 'P006', 1),
        ('ORD1086', 'P007', 1),
        ('ORD1124', 'P002', 2),
        ('ORD1035', 'P003', 1),
        ('ORD1089', 'P007', 2),
        ('ORD1127', 'P007', 1),
        ('ORD1047', 'P002', 2),
        ('ORD1090', 'P003', 2),
        ('ORD1155', 'P003', 3),
        ('ORD1017', 'P004', 5),
        ('ORD1154', 'P002', 5),
        ('ORD1147', 'P007', 3),
        ('ORD1158', 'P005', 2),
        ('ORD1045', 'P005', 4),
        ('ORD1167', 'P001', 2),
        ('ORD1009', 'P005', 4),
        ('ORD1173', 'P002', 2),
        ('ORD1096', 'P004', 1),
        ('ORD1149', 'P001', 1),
        ('ORD1164', 'P003', 2),
        ('ORD1007', 'P003', 3),
        ('ORD1100', 'P006', 5),
        ('ORD1053', 'P007', 5),
        ('ORD1028', 'P005', 1),
        ('ORD1099', 'P004', 3),
        ('ORD1165', 'P006', 1),
        ('ORD1001', 'P002', 5),
        ('ORD1039', 'P002', 2),
        ('ORD1111', 'P002', 1),
        ('ORD1030', 'P004', 1),
        ('ORD1003', 'P002', 5),
        ('ORD1157', 'P003', 3),
        ('ORD1121', 'P006', 4),
        ('ORD1123', 'P003', 2),
        ('ORD1106', 'P004', 2),
        ('ORD1016', 'P005', 2),
        ('ORD1102', 'P005', 4),
        ('ORD1034', 'P005', 1),
        ('ORD1026', 'P007', 5),
        ('ORD1087', 'P006', 2),
        ('ORD1056', 'P004', 1),
        ('ORD1080', 'P005', 1),
        ('ORD1107', 'P007', 1),
        ('ORD1079', 'P002', 5),
        ('ORD1046', 'P005', 5),
        ('ORD1066', 'P003', 3),
        ('ORD1024', 'P003', 5),
        ('ORD1136', 'P004', 4),
        ('ORD1142', 'P004', 3),
        ('ORD1170', 'P006', 3),
        ('ORD1146', 'P001', 5),
        ('ORD1105', 'P002', 5),
        ('ORD1183', 'P003', 1),
        ('ORD1065', 'P005', 5),
        ('ORD1122', 'P006', 3),
        ('ORD1014', 'P006', 3),
        ('ORD1181', 'P003', 3),
        ('ORD1032', 'P007', 5),
        ('ORD1184', 'P002', 3),
        ('ORD1129', 'P007', 5),
        ('ORD1134', 'P006', 4),
        ('ORD1004', 'P005', 5),
        ('ORD1070', 'P002', 2),
        ('ORD1097', 'P005', 1),
        ('ORD1051', 'P002', 4),
        ('ORD1084', 'P006', 5),
        ('ORD1159', 'P004', 4),
        ('ORD1063', 'P005', 2),
        ('ORD1088', 'P002', 4),
        ('ORD1117', 'P007', 5),
        ('ORD1172', 'P004', 2),
        ('ORD1141', 'P002', 1),
        ('ORD1109', 'P001', 3),
        ('ORD1013', 'P007', 3),
        ('ORD1085', 'P005', 2),
        ('ORD1041', 'P005', 2),
        ('ORD1156', 'P004', 3),
        ('ORD1052', 'P004', 4),
        ('ORD1130', 'P004', 4),
        ('ORD1060', 'P005', 1),
        ('ORD1011', 'P005', 1),
        ('ORD1062', 'P001', 2),
        ('ORD1182', 'P005', 1),
        ('ORD1081', 'P005', 5),
        ('ORD1055', 'P007', 4),
        ('ORD1177', 'P001', 1),
        ('ORD1135', 'P001', 3),
        ('ORD1071', 'P003', 5),
        ('ORD1113', 'P004', 2),
        ('ORD1178', 'P005', 3),
        ('ORD1044', 'P002', 3),
        ('ORD1140', 'P002', 5),
        ('ORD1168', 'P002', 5),
        ('ORD1005', 'P002', 3),
        ('ORD1058', 'P003', 5),
        ('ORD1023', 'P006', 5),
        ('ORD1006', 'P007', 4),
        ('ORD1064', 'P001', 5),
        ('ORD1082', 'P004', 3),
        ('ORD1110', 'P007', 1),
        ('ORD1010', 'P004', 3),
        ('ORD1020', 'P002', 2),
        ('ORD1151', 'P002', 3),
        ('ORD1126', 'P004', 4),
        ('ORD1138', 'P001', 1),
        ('ORD1128', 'P004', 3),
        ('ORD1069', 'P001', 5),
        ('ORD1103', 'P006', 5),
        ('ORD1077', 'P003', 4),
        ('ORD1119', 'P007', 2),
        ('ORD1031', 'P005', 1),
        ('ORD1112', 'P004', 2),
        ('ORD1174', 'P001', 2),
        ('ORD1145', 'P004', 1),
        ('ORD1179', 'P007', 2),
        ('ORD1078', 'P001', 2),
        ('ORD1042', 'P001', 5),
        ('ORD1015', 'P002', 1),
        ('ORD1171', 'P001', 3),
        ('ORD1036', 'P005', 4),
        ('ORD1068', 'P003', 4),
        ('ORD1038', 'P005', 5),
        ('ORD1057', 'P004', 3),
        ('ORD1139', 'P002', 1),
        ('ORD1029', 'P007', 1),
        ('ORD1108', 'P005', 5),
        ('ORD1050', 'P004', 1),
        ('ORD1150', 'P003', 2),
        ('ORD1160', 'P004', 3),
        ('ORD1067', 'P003', 3),
        ('ORD1175', 'P001', 3),
        ('ORD1018', 'P006', 2),
        ('ORD1116', 'P005', 4),
        ('ORD1072', 'P005', 1),
        ('ORD1073', 'P006', 3),
        ('ORD1059', 'P002', 2),
        ('ORD1008', 'P001', 3),
        ('ORD1074', 'P001', 2),
        ('ORD1120', 'P004', 3),
        ('ORD1152', 'P004', 3),
        ('ORD1176', 'P002', 3),
        ('ORD1115', 'P007', 4),
        ('ORD1104', 'P004', 3),
        ('ORD1000', 'P001', 2),
        ('ORD1040', 'P004', 3),
        ('ORD1019', 'P007', 3);


        